178,Internacional
179,Nacional
180,Internacional
181,Internacional
1,Nacional
182,Internacional
183,Internacional
2,Nacional
184,Internacional
185,Internacional
3,Nacional
186,Internacional
187,Internacional
188,Internacional
189,Internacional
190,Nacional
191,Internacional
192,Internacional
4,Nacional
193,Internacional
5,Nacional
194,Internacional
195,Internacional
196,Internacional
197,Internacional
198,Internacional
199,Internacional
200,Internacional
201,Internacional
202,Internacional
203,Internacional
6,Nacional
204,Internacional
205,Internacional
206,Internacional
207,Internacional
208,Internacional
209,Internacional
210,Internacional
211,Internacional
212,Internacional
213,Internacional
214,Internacional
215,Internacional
216,Internacional
217,Nacional
218,Internacional
219,Internacional
220,Internacional
221,Internacional
222,Internacional
223,Nacional
224,Internacional
225,Internacional
226,Internacional
7,Nacional
8,Nacional
227,Nacional
228,Internacional
9,Nacional
10,Nacional
11,Nacional
229,Internacional
12,Nacional
13,Nacional
230,Nacional
231,Nacional
14,Nacional
15,Nacional
232,Internacional
233,Internacional
234,Internacional
16,Nacional
235,Nacional
236,Nacional
237,Nacional
238,Internacional
239,Internacional
240,Internacional
241,Internacional
242,Nacional
133,Nacional
243,Nacional
244,Internacional
245,Internacional
246,Internacional
17,Nacional
18,Nacional
247,Internacional
248,Nacional
134,Nacional
249,Internacional
250,Internacional
251,Internacional
252,Internacional
253,Internacional
254,Nacional
255,Internacional
256,Internacional
257,Internacional
258,Internacional
259,Internacional
260,Internacional
261,Internacional
262,Internacional
263,Internacional
264,Internacional
265,Internacional
266,Internacional
19,Nacional
20,Nacional
21,Nacional
267,Nacional
268,Nacional
269,Internacional
270,Internacional
271,Nacional
272,Internacional
22,Nacional
273,Internacional
23,Nacional
24,Nacional
274,Internacional
275,Internacional
25,Internacional
276,Internacional
277,Internacional
278,Internacional
26,Nacional
279,Internacional
31,Nacional
280,Nacional
33,Nacional
34,Nacional
281,Nacional
282,Nacional
283,Internacional
27,Nacional
28,Nacional
135,Nacional
29,Nacional
284,Internacional
30,Nacional
285,Internacional
286,Internacional
287,Nacional
288,Internacional
289,Internacional
290,Internacional
291,Internacional
292,Internacional
293,Internacional
294,Internacional
32,Nacional
295,Nacional
296,Internacional
297,Internacional
298,Nacional
35,Nacional
36,Nacional
37,Nacional
38,Nacional
299,Internacional
300,Internacional
301,Nacional
302,Nacional
39,Nacional
303,Internacional
304,Internacional
305,Internacional
306,Internacional
40,Nacional
307,Internacional
41,Nacional
42,Nacional
43,Nacional
308,Nacional
44,Nacional
309,Nacional
310,Internacional
311,Internacional
45,Nacional
312,Internacional
46,Nacional
47,Nacional
313,Nacional
48,Nacional
314,Internacional
315,Internacional
316,Nacional
317,Nacional
49,Nacional
318,Nacional
319,Nacional
320,Internacional
321,Internacional
322,Internacional
323,Internacional
324,Internacional
50,Nacional
325,Nacional
326,Internacional
327,Internacional
328,Internacional
329,Internacional
330,Internacional
331,Internacional
332,Nacional
333,Internacional
334,Internacional
335,Internacional
336,Internacional
337,Internacional
338,Internacional
51,Nacional
339,Nacional
340,Nacional
341,Nacional
342,Nacional
343,Internacional
344,Nacional
345,Internacional
346,Nacional
347,Internacional
348,Internacional
53,Nacional
349,Internacional
54,Nacional
55,Nacional
350,Internacional
56,Nacional
57,Nacional
351,Nacional
352,Internacional
353,Nacional
58,Nacional
59,Nacional
354,Internacional
355,Internacional
356,Internacional
60,Nacional
357,Internacional
61,Nacional
358,Internacional
62,Nacional
359,Internacional
360,Internacional
361,Internacional
64,Nacional
362,Internacional
65,Nacional
66,Nacional
363,Internacional
364,Internacional
365,Internacional
366,Internacional
67,Nacional
367,Internacional
368,Internacional
369,Internacional
370,Internacional
371,Internacional
372,Internacional
373,Internacional
374,Internacional
68,Nacional
375,Internacional
376,Internacional
377,Internacional
69,Nacional
378,Internacional
379,Internacional
380,Internacional
381,Nacional
382,Internacional
383,Internacional
384,Internacional
385,Internacional
386,Internacional
387,Internacional
388,Internacional
389,Nacional
70,Nacional
390,Internacional
71,Nacional
391,Internacional
392,Internacional
393,Internacional
394,Internacional
395,Internacional
396,Internacional
397,Nacional
398,Internacional
399,Internacional
400,Internacional
72,Nacional
75,Nacional
401,Internacional
402,Internacional
403,Internacional
404,Internacional
405,Internacional
406,Internacional
407,Internacional
73,Nacional
74,Nacional
408,Internacional
409,Internacional
410,Internacional
411,Internacional
412,Nacional
413,Internacional
414,Internacional
415,Nacional
136,Nacional
77,Internacional
78,Nacional
416,Nacional
79,Nacional
417,Nacional
80,Nacional
418,Nacional
419,Nacional
81,Nacional
82,Nacional
420,Nacional
421,Nacional
422,Nacional
83,Nacional
423,Internacional
84,Nacional
424,Internacional
425,Internacional
426,Internacional
427,Internacional
428,Internacional
429,Internacional
430,Nacional
431,Internacional
432,Internacional
433,Nacional
434,Internacional
435,Internacional
436,Nacional
137,Internacional
437,Internacional
438,Internacional
85,Nacional
439,Internacional
440,Internacional
441,Internacional
442,Internacional
443,Internacional
444,Internacional
445,Nacional
87,Nacional
88,Nacional
89,Nacional
446,Internacional
447,Internacional
448,Internacional
449,Nacional
450,Nacional
451,Nacional
452,Internacional
90,Nacional
91,Nacional
453,Internacional
92,Nacional
93,Nacional
454,Nacional
455,Internacional
456,Internacional
457,Internacional
458,Internacional
459,Internacional
460,Internacional
461,Internacional
462,Internacional
463,Internacional
464,Internacional
94,Nacional
95,Nacional
96,Nacional
97,Nacional
465,Internacional
466,Internacional
467,Internacional
468,Internacional
469,Internacional
470,Internacional
98,Nacional
471,Internacional
472,Internacional
473,Internacional
474,Nacional
475,Internacional
476,Internacional
477,Internacional
478,Internacional
479,Internacional
480,Internacional
481,Internacional
482,Internacional
99,Nacional
483,Nacional
484,Internacional
485,Internacional
486,Internacional
487,Internacional
76,Nacional
488,Internacional
52,Nacional
489,Internacional
100,Nacional
490,Internacional
491,Internacional
492,Internacional
493,Internacional
494,Internacional
495,Internacional
496,Nacional
101,Nacional
497,Nacional
498,Nacional
499,Nacional
500,Internacional
501,Internacional
502,Internacional
503,Internacional
504,Internacional
505,Internacional
506,Internacional
507,Internacional
508,Internacional
509,Internacional
510,Nacional
102,Nacional
103,Nacional
104,Nacional
511,Internacional
512,Internacional
105,Nacional
513,Internacional
514,Nacional
106,Nacional
515,Nacional
107,Nacional
516,Nacional
517,Internacional
518,Internacional
519,Internacional
520,Internacional
521,Internacional
522,Internacional
523,Nacional
524,Internacional
525,Internacional
526,Nacional
527,Internacional
109,Nacional
110,Nacional
528,Nacional
529,Internacional
530,Internacional
531,Internacional
532,Nacional
533,Internacional
534,Internacional
535,Nacional
536,Nacional
111,Nacional
112,Nacional
537,Nacional
538,Internacional
113,Nacional
539,Internacional
540,Nacional
541,Internacional
542,Nacional
114,Nacional
115,Nacional
543,Internacional
544,Nacional
117,Nacional
545,Internacional
546,Nacional
547,Internacional
119,Nacional
120,Nacional
548,Internacional
549,Internacional
550,Internacional
551,Internacional
121,Nacional
122,Nacional
552,Internacional
123,Nacional
553,Internacional
554,Internacional
555,Internacional
556,Internacional
557,Internacional
558,Internacional
559,Internacional
560,Internacional
561,Internacional
562,Internacional
563,Internacional
124,Nacional
564,Internacional
565,Internacional
125,Nacional
566,Internacional
567,Internacional
568,Internacional
569,Internacional
570,Internacional
126,Nacional
127,Nacional
128,Nacional
571,Internacional
572,Internacional
573,Internacional
574,Internacional
575,Internacional
576,Internacional
577,Internacional
129,Nacional
578,Internacional
579,Internacional
130,Nacional
580,Internacional
581,Internacional
582,Internacional
583,Internacional
584,Internacional
585,Internacional
586,Internacional
131,Nacional
132,Nacional
